<?xml version="1.0" encoding="utf-8" ?>
<dwsync>
<file name="404.png" server="ftp.bluerabbit.io//beta.bluerabbit.io/web/content/b/wp-content/themes/bluerabbit/" local="131722034643550240" remote="131783341800000000" Dst="2" />
<file name="bg-dot.png" server="ftp.bluerabbit.io//beta.bluerabbit.io/web/content/b/wp-content/themes/bluerabbit/" local="131722034643600209" remote="131783341800000000" Dst="2" />
<file name="google-login.png" server="ftp.bluerabbit.io//beta.bluerabbit.io/web/content/b/wp-content/themes/bluerabbit/" local="131722034643750130" remote="131783341800000000" Dst="2" />
<file name="loader.svg" server="ftp.bluerabbit.io//beta.bluerabbit.io/web/content/b/wp-content/themes/bluerabbit/" local="131722034643950011" remote="131783341800000000" Dst="2" />
<file name="logo-white-letters.png" server="ftp.bluerabbit.io//beta.bluerabbit.io/web/content/b/wp-content/themes/bluerabbit/" local="131722034643960031" remote="131783341800000000" Dst="2" />
<file name="logo.png" server="ftp.bluerabbit.io//beta.bluerabbit.io/web/content/b/wp-content/themes/bluerabbit/" local="131722034643960031" remote="131783341800000000" Dst="2" />
<file name="profile-blue.jpg" server="ftp.bluerabbit.io//beta.bluerabbit.io/web/content/b/wp-content/themes/bluerabbit/" local="131722034644020024" remote="131783341800000000" Dst="2" />
<file name="no-profile.png" server="ftp.bluerabbit.io//beta.bluerabbit.io/web/content/b/wp-content/themes/bluerabbit/" local="131722034644020024" remote="131783341800000000" Dst="2" />
<file name="profile-blue.png" server="ftp.bluerabbit.io//beta.bluerabbit.io/web/content/b/wp-content/themes/bluerabbit/" local="131722034644029965" remote="131783341800000000" Dst="2" />
<file name="rabbit-logo.svg" server="ftp.bluerabbit.io//beta.bluerabbit.io/web/content/b/wp-content/themes/bluerabbit/" local="131722034644159898" remote="131783341800000000" Dst="2" />
<file name="toggle-button.png" server="C:/xampp/htdocs/br1/wp-content/themes/bluerabbit/" local="132678459750763930" remote="132678459750000000" Dst="2" />
<file name="toggle-button-question.png" server="C:/xampp/htdocs/br1/wp-content/themes/bluerabbit/" local="132678459750758969" remote="132678459750000000" Dst="2" />
<file name="main-link.svg" server="C:/xampp/htdocs/br1/wp-content/themes/bluerabbit/" local="132678459750624421" remote="132678459750000000" Dst="2" />
<file name="main-link-adventure.svg" server="C:/xampp/htdocs/br1/wp-content/themes/bluerabbit/" local="132678459750619456" remote="132678459750000000" Dst="2" />
<file name="nav-hex-detail-left.png" server="C:/xampp/htdocs/br1/wp-content/themes/bluerabbit/" local="132678459750624421" remote="132678459750000000" Dst="2" />
<file name="nav-hex-detail-right.png" server="C:/xampp/htdocs/br1/wp-content/themes/bluerabbit/" local="132678459750629377" remote="132678459750000000" Dst="2" />
<file name="hexagon-detail-right.svg" server="C:/xampp/htdocs/br1/wp-content/themes/bluerabbit/" local="132678459750531348" remote="132678459750000000" Dst="2" />
<file name="hexagon-detail-left.svg" server="C:/xampp/htdocs/br1/wp-content/themes/bluerabbit/" local="132678459750526373" remote="132678459750000000" Dst="2" />
<file name="gradient-energy.png" server="C:/xampp/htdocs/br1/wp-content/themes/bluerabbit/" local="132678459750520085" remote="132678459750000000" Dst="2" />
<file name="no-profile.png" server="C:/xampp/htdocs/br1/wp-content/themes/bluerabbit/" local="132678459750659137" remote="132678459750000000" Dst="2" />
<file name="progress-bar.png" server="C:/xampp/htdocs/br1/wp-content/themes/bluerabbit/" local="132678459750743807" remote="132678459750000000" Dst="2" />
</dwsync>